{
  "generated_at": "20260105_135202",
  "data": "C:\\Users\\JB\\green-bier-ventures\\NBA_main\\green_bier_sports_nba_model-1\\data\\processed\\training_data_theodds.csv",
  "model_type": "logistic",
  "min_train": 800,
  "step": 200,
  "calibrate": false,
  "high_conf": 0.6,
  "summaries": [
    {
      "market": "1h_spread",
      "model_type": "logistic",
      "n_bets": 2200,
      "accuracy": 0.505,
      "roi": -0.035909090909090904,
      "profit": -78.99999999999999,
      "high_conf_n": 660,
      "high_conf_accuracy": 0.5106060606060606,
      "high_conf_roi": -0.025206611570247922
    },
    {
      "market": "1h_total",
      "model_type": "logistic",
      "n_bets": 2200,
      "accuracy": 0.5104545454545455,
      "roi": -0.02549586776859504,
      "profit": -56.090909090909086,
      "high_conf_n": 603,
      "high_conf_accuracy": 0.5008291873963516,
      "high_conf_roi": -0.043871551334237896
    },
    {
      "market": "fg_spread",
      "model_type": "logistic",
      "n_bets": 6298,
      "accuracy": 0.5181009844395046,
      "roi": -0.010898120615491206,
      "profit": -68.63636363636361,
      "high_conf_n": 834,
      "high_conf_accuracy": 0.5455635491606715,
      "high_conf_roi": 0.04153041203400916
    },
    {
      "market": "fg_total",
      "model_type": "logistic",
      "n_bets": 6301,
      "accuracy": 0.519600063481987,
      "roi": -0.008036242443479384,
      "profit": -50.636363636363605,
      "high_conf_n": 782,
      "high_conf_accuracy": 0.5166240409207161,
      "high_conf_roi": -0.013717740060451048
    }
  ]
}