{
  "generated_at": "20260105_134320",
  "data": "C:\\Users\\JB\\green-bier-ventures\\NBA_main\\green_bier_sports_nba_model-1\\data\\processed\\training_data_theodds.csv",
  "model_type": "logistic",
  "min_train": 800,
  "step": 200,
  "calibrate": false,
  "high_conf": 0.6,
  "summaries": [
    {
      "market": "1h_spread",
      "model_type": "logistic",
      "n_bets": 438,
      "accuracy": 0.6438356164383562,
      "roi": 0.22914072229140725,
      "profit": 100.36363636363637,
      "high_conf_n": 338,
      "high_conf_accuracy": 0.6775147928994083,
      "high_conf_roi": 0.2934373318988704
    },
    {
      "market": "1h_total",
      "model_type": "logistic",
      "n_bets": 438,
      "accuracy": 0.4589041095890411,
      "roi": -0.12391033623910334,
      "profit": -54.272727272727266,
      "high_conf_n": 229,
      "high_conf_accuracy": 0.47161572052401746,
      "high_conf_roi": -0.09964271536323939
    },
    {
      "market": "fg_spread",
      "model_type": "logistic",
      "n_bets": 6298,
      "accuracy": 0.9893617021276596,
      "roi": 0.8887814313346226,
      "profit": 5597.545454545453,
      "high_conf_n": 6113,
      "high_conf_accuracy": 0.9970554555864551,
      "high_conf_roi": 0.903469506119596
    },
    {
      "market": "fg_total",
      "model_type": "logistic",
      "n_bets": 6301,
      "accuracy": 0.5132518647833677,
      "roi": -0.020155530868116167,
      "profit": -126.99999999999997,
      "high_conf_n": 698,
      "high_conf_accuracy": 0.505730659025788,
      "high_conf_roi": -0.03451419640531389
    }
  ]
}