{
  "timestamp": "2026-01-05T19:16:10.199497+00:00",
  "markets_tested": 1,
  "algorithms_tested": [
    "random_forest"
  ],
  "results": [
    {
      "algorithm": "random_forest",
      "market": "fg_spread",
      "accuracy": 0.5546345139412208,
      "precision": 0.5392749244712991,
      "recall": 0.5552099533437014,
      "f1_score": 0.5471264367816092,
      "roc_auc": 0.5707131683537512,
      "total_bets": 1327,
      "profitable_bets": "736",
      "roi_pct": 5.463451394122076,
      "max_drawdown": -5.0,
      "sharpe_ratio": 0.8,
      "hyperparameters": {},
      "feature_importance": {
        "spread_line": 0.2518466085378733,
        "day_of_week": 0.08561512408157088,
        "month": 0.09967836548112506,
        "is_weekend": 0.015765164003845467,
        "predicted_margin_leakage_free": 0.5470947378955854
      },
      "confusion_matrix": [
        [
          379,
          305
        ],
        [
          286,
          357
        ]
      ]
    }
  ]
}