{
  "generated_at": "20260105_134514",
  "data": "C:\\Users\\JB\\green-bier-ventures\\NBA_main\\green_bier_sports_nba_model-1\\data\\processed\\training_data_theodds.csv",
  "model_type": "gradient_boosting",
  "min_train": 800,
  "step": 200,
  "calibrate": false,
  "high_conf": 0.6,
  "summaries": [
    {
      "market": "1h_spread",
      "model_type": "gradient_boosting",
      "n_bets": 438,
      "accuracy": 0.5159817351598174,
      "roi": -0.014943960149439604,
      "profit": -6.545454545454547,
      "high_conf_n": 312,
      "high_conf_accuracy": 0.5032051282051282,
      "high_conf_roi": -0.039335664335664336
    },
    {
      "market": "1h_total",
      "model_type": "gradient_boosting",
      "n_bets": 438,
      "accuracy": 0.4817351598173516,
      "roi": -0.08032378580323783,
      "profit": -35.18181818181817,
      "high_conf_n": 342,
      "high_conf_accuracy": 0.47953216374269003,
      "high_conf_roi": -0.08452950558213716
    },
    {
      "market": "fg_spread",
      "model_type": "gradient_boosting",
      "n_bets": 6298,
      "accuracy": 0.5085741505239759,
      "roi": -0.029085712636046066,
      "profit": -183.18181818181813,
      "high_conf_n": 2199,
      "high_conf_accuracy": 0.5020463847203275,
      "high_conf_roi": -0.04154781098846582
    },
    {
      "market": "fg_total",
      "model_type": "gradient_boosting",
      "n_bets": 6301,
      "accuracy": 0.5078558958895414,
      "roi": -0.030456926029057432,
      "profit": -191.90909090909088,
      "high_conf_n": 2277,
      "high_conf_accuracy": 0.530961791831357,
      "high_conf_roi": 0.013654329859863463
    }
  ]
}