{
  "markets": {
    "fg_spread": {
      "n_bets": 135,
      "wins": 82,
      "accuracy": 0.6074074074074074,
      "roi": 15.959595959595957,
      "profit": 21.545454545454543,
      "high_conf": {
        "n_bets": 69,
        "wins": 46,
        "accuracy": 0.6666666666666666,
        "roi": 27.27272727272727
      }
    },
    "fg_total": {
      "n_bets": 136,
      "wins": 64,
      "accuracy": 0.47058823529411764,
      "roi": -10.160427807486633,
      "profit": -13.81818181818182,
      "high_conf": {
        "n_bets": 70,
        "wins": 22,
        "accuracy": 0.3142857142857143,
        "roi": -40.0
      }
    },
    "1h_spread": {
      "n_bets": 66,
      "wins": 36,
      "accuracy": 0.5454545454545454,
      "roi": 4.1322314049586755,
      "profit": 2.727272727272726,
      "high_conf": {
        "n_bets": 46,
        "wins": 25,
        "accuracy": 0.5434782608695652,
        "roi": 3.754940711462449
      }
    },
    "1h_total": {
      "n_bets": 66,
      "wins": 1,
      "accuracy": 0.015151515151515152,
      "roi": -97.10743801652893,
      "profit": -64.0909090909091,
      "high_conf": {
        "n_bets": 28,
        "wins": 0,
        "accuracy": 0.0,
        "roi": -100.0
      }
    }
  },
  "by_season": {
    "2025-2026": {
      "total_bets": 403,
      "wins": 183,
      "profit": -53.63636363636364,
      "fg_spread": {
        "n_bets": 135,
        "accuracy": 0.6074074074074074
      },
      "fg_total": {
        "n_bets": 136,
        "accuracy": 0.47058823529411764
      },
      "1h_spread": {
        "n_bets": 66,
        "accuracy": 0.5454545454545454
      },
      "1h_total": {
        "n_bets": 66,
        "accuracy": 0.015151515151515152
      }
    }
  }
}