{
  "markets": {
    "fg_spread": {
      "n_bets": 99,
      "wins": 53,
      "accuracy": 0.5353535353535354,
      "roi": 2.203856749311293,
      "profit": 2.1818181818181803,
      "high_conf": {
        "n_bets": 63,
        "wins": 29,
        "accuracy": 0.4603174603174603,
        "roi": -12.121212121212123
      }
    },
    "fg_total": {
      "n_bets": 100,
      "wins": 47,
      "accuracy": 0.47,
      "roi": -10.272727272727273,
      "profit": -10.272727272727273,
      "high_conf": {
        "n_bets": 70,
        "wins": 30,
        "accuracy": 0.42857142857142855,
        "roi": -18.181818181818183
      }
    },
    "1h_spread": {
      "n_bets": 44,
      "wins": 26,
      "accuracy": 0.5909090909090909,
      "roi": 12.8099173553719,
      "profit": 5.636363636363636,
      "high_conf": {
        "n_bets": 37,
        "wins": 21,
        "accuracy": 0.5675675675675675,
        "roi": 8.353808353808352
      }
    },
    "1h_total": {
      "n_bets": 44,
      "wins": 1,
      "accuracy": 0.022727272727272728,
      "roi": -95.6611570247934,
      "profit": -42.09090909090909,
      "high_conf": {
        "n_bets": 19,
        "wins": 0,
        "accuracy": 0.0,
        "roi": -100.0
      }
    }
  },
  "by_season": {
    "2025-2026": {
      "total_bets": 287,
      "wins": 127,
      "profit": -44.54545454545455,
      "fg_spread": {
        "n_bets": 99,
        "accuracy": 0.5353535353535354
      },
      "fg_total": {
        "n_bets": 100,
        "accuracy": 0.47
      },
      "1h_spread": {
        "n_bets": 44,
        "accuracy": 0.5909090909090909
      },
      "1h_total": {
        "n_bets": 44,
        "accuracy": 0.022727272727272728
      }
    }
  }
}