{
  "markets": {
    "fg_spread": {
      "n_bets": 3868,
      "wins": 2180,
      "accuracy": 0.5635987590486039,
      "roi": null,
      "profit": null,
      "high_conf": {
        "n_bets": 2945,
        "wins": 1704,
        "accuracy": 0.5786078098471986,
        "roi": null
      }
    },
    "fg_total": {
      "n_bets": 3868,
      "wins": 1796,
      "accuracy": 0.4643226473629783,
      "roi": null,
      "profit": null,
      "high_conf": {
        "n_bets": 2992,
        "wins": 1342,
        "accuracy": 0.4485294117647059,
        "roi": null
      }
    },
    "1h_spread": {
      "n_bets": 3108,
      "wins": 1548,
      "accuracy": 0.4980694980694981,
      "roi": null,
      "profit": null,
      "high_conf": {
        "n_bets": 2620,
        "wins": 1309,
        "accuracy": 0.499618320610687,
        "roi": null
      }
    },
    "1h_total": {
      "n_bets": 3108,
      "wins": 1536,
      "accuracy": 0.4942084942084942,
      "roi": null,
      "profit": null,
      "high_conf": {
        "n_bets": 2682,
        "wins": 1321,
        "accuracy": 0.4925428784489187,
        "roi": null
      }
    }
  },
  "by_season": {
    "2022-2023": {
      "total_bets": 1346,
      "wins": 689,
      "profit": null,
      "fg_spread": {
        "n_bets": 673,
        "accuracy": 0.5052005943536404
      },
      "fg_total": {
        "n_bets": 673,
        "accuracy": 0.5185735512630015
      }
    },
    "2023-2024": {
      "total_bets": 5266,
      "wins": 2684,
      "profit": null,
      "fg_spread": {
        "n_bets": 1319,
        "accuracy": 0.5253980288097043
      },
      "fg_total": {
        "n_bets": 1319,
        "accuracy": 0.5163002274450341
      },
      "1h_spread": {
        "n_bets": 1314,
        "accuracy": 0.5060882800608828
      },
      "1h_total": {
        "n_bets": 1314,
        "accuracy": 0.4908675799086758
      }
    },
    "2024-2025": {
      "total_bets": 5278,
      "wins": 2686,
      "profit": null,
      "fg_spread": {
        "n_bets": 1321,
        "accuracy": 0.514004542013626
      },
      "fg_total": {
        "n_bets": 1321,
        "accuracy": 0.5200605601816806
      },
      "1h_spread": {
        "n_bets": 1318,
        "accuracy": 0.4992412746585736
      },
      "1h_total": {
        "n_bets": 1318,
        "accuracy": 0.5022761760242792
      }
    },
    "2025-2026": {
      "total_bets": 2062,
      "wins": 1001,
      "profit": null,
      "fg_spread": {
        "n_bets": 555,
        "accuracy": 0.8432432432432433
      },
      "fg_total": {
        "n_bets": 555,
        "accuracy": 0.14234234234234233
      },
      "1h_spread": {
        "n_bets": 476,
        "accuracy": 0.4726890756302521
      },
      "1h_total": {
        "n_bets": 476,
        "accuracy": 0.4810924369747899
      }
    }
  }
}