{
  "markets": {
    "fg_spread": {
      "n_bets": 49,
      "wins": 29,
      "accuracy": 0.5918367346938775,
      "roi": 12.987012987012985,
      "profit": 6.363636363636362,
      "high_conf": {
        "n_bets": 7,
        "wins": 4,
        "accuracy": 0.5714285714285714,
        "roi": 9.09090909090909
      }
    },
    "fg_total": {
      "n_bets": 50,
      "wins": 26,
      "accuracy": 0.52,
      "roi": -0.7272727272727288,
      "profit": -0.3636363636363644,
      "high_conf": {
        "n_bets": 6,
        "wins": 3,
        "accuracy": 0.5,
        "roi": -4.545454545454547
      }
    },
    "1h_spread": {
      "n_bets": 50,
      "wins": 26,
      "accuracy": 0.52,
      "roi": -0.7272727272727288,
      "profit": -0.3636363636363644,
      "high_conf": {
        "n_bets": 47,
        "wins": 25,
        "accuracy": 0.5319148936170213,
        "roi": 1.5473887814313332
      }
    },
    "1h_total": {
      "n_bets": 50,
      "wins": 30,
      "accuracy": 0.6,
      "roi": 14.545454545454541,
      "profit": 7.272727272727272,
      "high_conf": {
        "n_bets": 48,
        "wins": 28,
        "accuracy": 0.5833333333333334,
        "roi": 11.36363636363636
      }
    }
  },
  "by_season": {
    "2024-2025": {
      "total_bets": 199,
      "wins": 111,
      "profit": 12.909090909090907,
      "fg_spread": {
        "n_bets": 49,
        "accuracy": 0.5918367346938775
      },
      "fg_total": {
        "n_bets": 50,
        "accuracy": 0.52
      },
      "1h_spread": {
        "n_bets": 50,
        "accuracy": 0.52
      },
      "1h_total": {
        "n_bets": 50,
        "accuracy": 0.6
      }
    }
  }
}