{
  "markets": {
    "fg_spread": {
      "n_bets": 3082,
      "wins": 1573,
      "accuracy": 0.5103828682673589,
      "roi": -2.563270603504219,
      "profit": -79.00000000000004,
      "high_conf": {
        "n_bets": 1293,
        "wins": 661,
        "accuracy": 0.5112142304717711,
        "roi": -2.4045560008437055
      }
    },
    "fg_total": {
      "n_bets": 3106,
      "wins": 1576,
      "accuracy": 0.5074050225370251,
      "roi": -3.131768424749753,
      "profit": -97.27272727272732,
      "high_conf": {
        "n_bets": 1462,
        "wins": 731,
        "accuracy": 0.5,
        "roi": -4.545454545454547
      }
    },
    "1h_spread": {
      "n_bets": 2529,
      "wins": 1287,
      "accuracy": 0.5088967971530249,
      "roi": -2.846975088967973,
      "profit": -72.00000000000004,
      "high_conf": {
        "n_bets": 1819,
        "wins": 934,
        "accuracy": 0.5134689389774602,
        "roi": -1.9741116497576106
      }
    },
    "1h_total": {
      "n_bets": 2524,
      "wins": 1265,
      "accuracy": 0.501188589540412,
      "roi": -4.3185419968304295,
      "profit": -109.00000000000004,
      "high_conf": {
        "n_bets": 830,
        "wins": 412,
        "accuracy": 0.4963855421686747,
        "roi": -5.235487404162105
      }
    }
  },
  "by_season": {
    "2022-2023": {
      "total_bets": 1138,
      "wins": 602,
      "profit": 11.272727272727254,
      "fg_spread": {
        "n_bets": 569,
        "accuracy": 0.5131810193321616
      },
      "fg_total": {
        "n_bets": 569,
        "accuracy": 0.5448154657293497
      }
    },
    "2023-2024": {
      "total_bets": 5202,
      "wins": 2644,
      "profit": -154.36363636363643,
      "fg_spread": {
        "n_bets": 1294,
        "accuracy": 0.51854714064915
      },
      "fg_total": {
        "n_bets": 1307,
        "accuracy": 0.495026778882938
      },
      "1h_spread": {
        "n_bets": 1301,
        "accuracy": 0.5180630284396618
      },
      "1h_total": {
        "n_bets": 1300,
        "accuracy": 0.5015384615384615
      }
    },
    "2024-2025": {
      "total_bets": 4901,
      "wins": 2455,
      "profit": -214.18181818181824,
      "fg_spread": {
        "n_bets": 1219,
        "accuracy": 0.5004101722723544
      },
      "fg_total": {
        "n_bets": 1230,
        "accuracy": 0.5032520325203252
      },
      "1h_spread": {
        "n_bets": 1228,
        "accuracy": 0.499185667752443
      },
      "1h_total": {
        "n_bets": 1224,
        "accuracy": 0.5008169934640523
      }
    }
  }
}