{
  "version": "33.0.15.0",
  "generated_at": "2026-01-10T19:44:24.268811",
  "config": {
    "data_path": "data/processed/training_data_complete_2023.csv",
    "start_date": null,
    "end_date": null,
    "markets": [
      "fg_spread",
      "fg_total",
      "fg_moneyline"
    ],
    "min_train_games": 200,
    "model_type": "logistic"
  },
  "markets": {
    "fg_spread": {
      "performance": {
        "market": "fg_spread",
        "n_bets": 2392,
        "accuracy": 0.5238294314381271,
        "roi": 3.800547278808256e-05,
        "total_profit": 0.09090909090909349,
        "accuracy_ci": [
          0.5033444816053512,
          0.5434782608695652
        ],
        "roi_ci": [
          -0.03827151109759805,
          0.03834752204317422
        ],
        "vs_random_pvalue": 0.019727154874614614,
        "vs_vig_pvalue": 0.009802465865404385,
        "is_significant": true,
        "is_profitable": "True",
        "sharpe_ratio": 3.986055191672537e-05,
        "sortino_ratio": Infinity,
        "calmar_ratio": 3.728734612202796e-05,
        "max_drawdown": 125.09090909091061,
        "max_drawdown_pct": 1.0192592592592788,
        "max_drawdown_duration": 1690,
        "avg_drawdown": 46.08106567345767,
        "kelly_fraction": 4.180602006690348e-05,
        "kelly_growth_rate": 7.944297433536477e-10,
        "half_kelly_fraction": 2.090301003345174e-05,
        "longest_win_streak": 10,
        "longest_lose_streak": 9,
        "avg_win_streak": 2.130952380952381,
        "avg_lose_streak": 1.940374787052811,
        "high_conf_accuracy": 0.6618705035971223,
        "high_conf_roi": 0.263570961412688,
        "high_conf_n": 139,
        "first_half_roi": 0.06947400425661295,
        "second_half_roi": -0.06939799331103678
      },
      "statistics": {
        "market": "fg_spread",
        "n_samples": 2392,
        "mean_accuracy": 0.5238294314381271,
        "median_accuracy": 1.0,
        "mean_roi": 3.800547278808256e-05,
        "median_roi": 0.9090909090909091,
        "std_accuracy": 0.49943183538630737,
        "std_roi": 0.9534607766465867,
        "iqr_roi": 1.9090909090909092,
        "skewness": -0.0954261612886378,
        "kurtosis": -1.990893847741715,
        "is_normal": "False",
        "normality_pvalue": 1.3653998753423896e-57,
        "tests": [
          {
            "test_name": "t-test vs random",
            "null_hypothesis": "Win rate = 50%",
            "alternative_hypothesis": "Win rate \u2260 50%",
            "statistic": 2.3330671898575783,
            "p_value": 0.019727154874614614,
            "is_significant": "True",
            "conclusion": "Win rate (52.4%) significantly > 50%",
            "effect_size": 0.047713080644318936,
            "confidence_interval": [
              0.5038146106447123,
              0.5438442522315419
            ]
          },
          {
            "test_name": "t-test vs profitable threshold",
            "null_hypothesis": "Win rate <= 52.4%",
            "alternative_hypothesis": "Win rate > 52.4%",
            "statistic": 0.0028815426344876815,
            "p_value": 0.49885055259293204,
            "is_significant": "False",
            "conclusion": "Win rate (52.4%) not significantly > profitable threshold",
            "effect_size": null,
            "confidence_interval": null
          },
          {
            "test_name": "t-test ROI vs break-even",
            "null_hypothesis": "ROI <= -4.55%",
            "alternative_hypothesis": "ROI > -4.55%",
            "statistic": 2.3353983079520377,
            "p_value": 0.009802465865404385,
            "is_significant": "True",
            "conclusion": "ROI (0.0%) significantly > break-even",
            "effect_size": null,
            "confidence_interval": [
              -0.03817210695100384,
              0.03824811789658
            ]
          },
          {
            "test_name": "t-test ROI positive",
            "null_hypothesis": "ROI <= 0",
            "alternative_hypothesis": "ROI > 0",
            "statistic": 0.0019490953967064688,
            "p_value": 0.49922250522839423,
            "is_significant": "False",
            "conclusion": "ROI (0.0%) not significantly positive",
            "effect_size": null,
            "confidence_interval": null
          },
          {
            "test_name": "Binomial exact test",
            "null_hypothesis": "Win probability = 50%",
            "alternative_hypothesis": "Win probability \u2260 50%",
            "statistic": 1253.0,
            "p_value": 0.020843558355509443,
            "is_significant": "True",
            "conclusion": "Win rate (1253/2392 = 52.4%) significantly \u2260 50%",
            "effect_size": null,
            "confidence_interval": [
              0.5035870996001135,
              0.544013336763392
            ]
          },
          {
            "test_name": "Runs test",
            "null_hypothesis": "Outcomes are independent",
            "alternative_hypothesis": "Outcomes show patterns",
            "statistic": -0.7905199651857127,
            "p_value": 0.4292241671018384,
            "is_significant": "False",
            "conclusion": "Outcomes appear independent (no significant pattern)",
            "effect_size": null,
            "confidence_interval": null
          }
        ],
        "is_statistically_significant": "True",
        "is_economically_significant": true,
        "recommendation": "RECOMMEND WITH CAUTION: Significant edge but smaller than ideal"
      },
      "monte_carlo": {
        "n_simulations": 1000,
        "n_bets": 1000,
        "initial_bankroll": 1000.0,
        "bet_size_type": "flat",
        "bet_size_value": 10.0,
        "mean_final_bankroll": 1004.132727272726,
        "median_final_bankroll": 1003.6363636363643,
        "std_final_bankroll": 294.13467411324103,
        "min_final_bankroll": 49.09090909091208,
        "max_final_bankroll": 2015.454545454553,
        "percentile_5": 525.4090909090828,
        "percentile_25": 812.7272727272692,
        "percentile_75": 1213.6363636363583,
        "percentile_95": 1480.9090909090864,
        "probability_of_ruin": 0.001,
        "probability_of_loss": 0.487,
        "probability_of_profit": 0.513,
        "probability_double": 0.001,
        "expected_roi": 0.0041327272727260155,
        "expected_growth_rate": -0.04932757880083992,
        "mean_max_drawdown": 362.5618181818187,
        "median_max_drawdown": 325.4545454545455,
        "worst_max_drawdown": 1114.5454545454525,
        "mean_time_to_ruin": 840.0
      }
    },
    "fg_total": {
      "performance": {
        "market": "fg_total",
        "n_bets": 2392,
        "accuracy": 0.544732441471572,
        "roi": 0.03994375190027364,
        "total_profit": 95.54545454545455,
        "accuracy_ci": [
          0.5250836120401338,
          0.56438127090301
        ],
        "roi_ci": [
          0.0016342353298875087,
          0.07825326847065978
        ],
        "vs_random_pvalue": 1.1706984799526155e-05,
        "vs_vig_pvalue": 5.791355083289244e-06,
        "is_significant": true,
        "is_profitable": "True",
        "sharpe_ratio": 0.04201431367909293,
        "sortino_ratio": Infinity,
        "calmar_ratio": 0.10236432690374812,
        "max_drawdown": 53.636363636365104,
        "max_drawdown_pct": 0.3902116402116554,
        "max_drawdown_duration": 1216,
        "avg_drawdown": 20.48783824870825,
        "kelly_fraction": 0.043938127090301086,
        "kelly_growth_rate": 0.0008789556549384792,
        "half_kelly_fraction": 0.021969063545150543,
        "longest_win_streak": 12,
        "longest_lose_streak": 10,
        "avg_win_streak": 2.186241610738255,
        "avg_lose_streak": 1.8271812080536913,
        "high_conf_accuracy": 0.695,
        "high_conf_roi": 0.3268181818181818,
        "high_conf_n": 200,
        "first_half_roi": 0.11097598054119792,
        "second_half_roi": -0.03108847674065066
      },